INSERT INTO REGIONES (id, nombre) VALUES (1,'Sudamerica');
INSERT INTO REGIONES (id, nombre) VALUES (2,'Centroamerica');
INSERT INTO REGIONES (id, nombre) VALUES (3,'Norteamerica');
INSERT INTO REGIONES (id, nombre) VALUES (4,'Europa');
INSERT INTO REGIONES (id, nombre) VALUES (5,'Asia');
INSERT INTO REGIONES (id, nombre) VALUES (6,'Africa');
INSERT INTO REGIONES (id, nombre) VALUES (7,'Oceania');



INSERT INTO clientes (region_id,nombre,apellido,email,createat) VALUES (1,'Juan','Torres','suco_juan@hotmail.com','2018-02-02');
INSERT INTO clientes (region_id,nombre,apellido,email,createat) VALUES (2,'Santiago','lala','suco_juan@hotmail.com','2018-02-02');
INSERT INTO clientes (region_id,nombre,apellido,email,createat) VALUES (3,'Lucas','Lunas','suco_juan@hotmail.com','2018-02-02');
INSERT INTO clientes (region_id,nombre,apellido,email,createat) VALUES (4,'Mario','Armario','suco_juan@hotmail.com','2018-02-02');
INSERT INTO clientes (region_id,nombre,apellido,email,createat) VALUES (5,'Negro','Blanco','suco_juan@hotmail.com','2018-02-02');
INSERT INTO clientes (region_id,nombre,apellido,email,createat) VALUES (6,'Azula','Azulo','suco_juan@hotmail.com','2018-02-02');
INSERT INTO clientes (region_id,nombre,apellido,email,createat) VALUES (7,'loca','loco','suco_juan@hotmail.com','2018-02-02');
INSERT INTO clientes (region_id,nombre,apellido,email,createat) VALUES (1,'Juan','Torres','suco_juan@hotmail.com','2018-02-02');
INSERT INTO clientes (region_id,nombre,apellido,email,createat) VALUES (2,'Santiago','lala','suco_juan@hotmail.com','2018-02-02');
INSERT INTO clientes (region_id,nombre,apellido,email,createat) VALUES (3,'Lucas','Lunas','suco_juan@hotmail.com','2018-02-02');
INSERT INTO clientes (region_id,nombre,apellido,email,createat) VALUES (4,'Mario','Armario','suco_juan@hotmail.com','2018-02-02');
INSERT INTO clientes (region_id,nombre,apellido,email,createat) VALUES (5,'Negro','Blanco','suco_juan@hotmail.com','2018-02-02');
INSERT INTO clientes (region_id,nombre,apellido,email,createat) VALUES (6,'Azula','Azulo','suco_juan@hotmail.com','2018-02-02');
INSERT INTO clientes (region_id,nombre,apellido,email,createat) VALUES (7,'loca','loco','suco_juan@hotmail.com','2018-02-02');
INSERT INTO clientes (region_id,nombre,apellido,email,createat) VALUES (1,'Juan','Torres','suco_juan@hotmail.com','2018-02-02');
INSERT INTO clientes (region_id,nombre,apellido,email,createat) VALUES (2,'Santiago','lala','suco_juan@hotmail.com','2018-02-02');
INSERT INTO clientes (region_id,nombre,apellido,email,createat) VALUES (3,'Lucas','Lunas','suco_juan@hotmail.com','2018-02-02');
INSERT INTO clientes (region_id,nombre,apellido,email,createat) VALUES (4,'Mario','Armario','suco_juan@hotmail.com','2018-02-02');
INSERT INTO clientes (region_id,nombre,apellido,email,createat) VALUES (5,'Negro','Blanco','suco_juan@hotmail.com','2018-02-02');
INSERT INTO clientes (region_id,nombre,apellido,email,createat) VALUES (6,'Azula','Azulo','suco_juan@hotmail.com','2018-02-02');
INSERT INTO clientes (region_id,nombre,apellido,email,createat) VALUES (7,'loca','loco','suco_juan@hotmail.com','2018-02-02');
INSERT INTO clientes (region_id,nombre,apellido,email,createat) VALUES (1,'Juan','Torres','suco_juan@hotmail.com','2018-02-02');
INSERT INTO clientes (region_id,nombre,apellido,email,createat) VALUES (2,'Santiago','lala','suco_juan@hotmail.com','2018-02-02');
INSERT INTO clientes (region_id,nombre,apellido,email,createat) VALUES (3,'Lucas','Lunas','suco_juan@hotmail.com','2018-02-02');
INSERT INTO clientes (region_id,nombre,apellido,email,createat) VALUES (4,'Mario','Armario','suco_juan@hotmail.com','2018-02-02');
INSERT INTO clientes (region_id,nombre,apellido,email,createat) VALUES (5,'Negro','Blanco','suco_juan@hotmail.com','2018-02-02');
INSERT INTO clientes (region_id,nombre,apellido,email,createat) VALUES (6,'Azula','Azulo','suco_juan@hotmail.com','2018-02-02');
INSERT INTO clientes (region_id,nombre,apellido,email,createat) VALUES (7,'loca','loco','suco_juan@hotmail.com','2018-02-02');
INSERT INTO clientes (region_id,nombre,apellido,email,createat) VALUES (1,'Juan','Torres','suco_juan@hotmail.com','2018-02-02');
INSERT INTO clientes (region_id,nombre,apellido,email,createat) VALUES (2,'Santiago','lala','suco_juan@hotmail.com','2018-02-02');
INSERT INTO clientes (region_id,nombre,apellido,email,createat) VALUES (3,'Lucas','Lunas','suco_juan@hotmail.com','2018-02-02');
INSERT INTO clientes (region_id,nombre,apellido,email,createat) VALUES (4,'Mario','Armario','suco_juan@hotmail.com','2018-02-02');
INSERT INTO clientes (region_id,nombre,apellido,email,createat) VALUES (5,'Negro','Blanco','suco_juan@hotmail.com','2018-02-02');
INSERT INTO clientes (region_id,nombre,apellido,email,createat) VALUES (6,'Azula','Azulo','suco_juan@hotmail.com','2018-02-02');
INSERT INTO clientes (region_id,nombre,apellido,email,createat) VALUES (7,'loca','loco','suco_juan@hotmail.com','2018-02-02');
INSERT INTO clientes (region_id,nombre,apellido,email,createat) VALUES (1,'Juan','Torres','suco_juan@hotmail.com','2018-02-02');
INSERT INTO clientes (region_id,nombre,apellido,email,createat) VALUES (2,'Santiago','lala','suco_juan@hotmail.com','2018-02-02');
INSERT INTO clientes (region_id,nombre,apellido,email,createat) VALUES (3,'Lucas','Lunas','suco_juan@hotmail.com','2018-02-02');
INSERT INTO clientes (region_id,nombre,apellido,email,createat) VALUES (4,'Mario','Armario','suco_juan@hotmail.com','2018-02-02');
INSERT INTO clientes (region_id,nombre,apellido,email,createat) VALUES (5,'Negro','Blanco','suco_juan@hotmail.com','2018-02-02');
INSERT INTO clientes (region_id,nombre,apellido,email,createat) VALUES (6,'Azula','Azulo','suco_juan@hotmail.com','2018-02-02');
INSERT INTO clientes (region_id,nombre,apellido,email,createat) VALUES (7,'loca','loco','suco_juan@hotmail.com','2018-02-02');




INSERT INTO usuarios (username,password,enabled,nombre,apellido,email) VALUES ('juan','$2a$10$Dvwha/HWCC5pWxU1xCLftOfcZVVdlDE765.kiLJLBWYCHP18aAu/q',1 ,'Juan','Torres','suco_juan@hotmail.com');
INSERT INTO usuarios (username,password,enabled,nombre,apellido,email) VALUES ('admin','$2a$10$Dvwha/HWCC5pWxU1xCLftOfcZVVdlDE765.kiLJLBWYCHP18aAu/q',1,'JuanAdmin','Torres','admin@hotmail.com');


/*los roles deben ir con el rol y el prefijo ROLE_*/
INSERT INTO roles (nombre) values ('ROLE_USER');
INSERT INTO roles (nombre) values ('ROLE_ADMIN');

INSERT INTO users_authorities (user_id,role_id) VALUES (1,1);
INSERT INTO users_authorities (user_id,role_id) VALUES (2,2);
INSERT INTO users_authorities (user_id,role_id) VALUES (2,1);







/* Populate tabla productos */
INSERT INTO productos (nombre, precio, create_at) VALUES('Panasonic Pantalla LCD', 259990, NOW());
INSERT INTO productos (nombre, precio, create_at) VALUES('Sony Camara digital DSC-W320B', 123490, NOW());
INSERT INTO productos (nombre, precio, create_at) VALUES('Apple iPod shuffle', 1499990, NOW());
INSERT INTO productos (nombre, precio, create_at) VALUES('Sony Notebook Z110', 37990, NOW());
INSERT INTO productos (nombre, precio, create_at) VALUES('Hewlett Packard Multifuncional F2280', 69990, NOW());
INSERT INTO productos (nombre, precio, create_at) VALUES('Bianchi Bicicleta Aro 26', 69990, NOW());
INSERT INTO productos (nombre, precio, create_at) VALUES('Mica Comoda 5 Cajones', 299990, NOW());

/* Creamos algunas facturas */
INSERT INTO facturas (descripcion, observacion, cliente_id, create_at) VALUES('Factura equipos de oficina', null, 1, NOW());

INSERT INTO facturas_items (cantidad, factura_id, producto_id) VALUES(1, 1, 1);
INSERT INTO facturas_items (cantidad, factura_id, producto_id) VALUES(2, 1, 4);
INSERT INTO facturas_items (cantidad, factura_id, producto_id) VALUES(1, 1, 5);
INSERT INTO facturas_items (cantidad, factura_id, producto_id) VALUES(1, 1, 7);

INSERT INTO facturas (descripcion, observacion, cliente_id, create_at) VALUES('Factura Bicicleta', 'Alguna nota importante!', 1, NOW());
INSERT INTO facturas_items (cantidad, factura_id, producto_id) VALUES(3, 2, 6);